age,annual_income,loan_amount,credit_score,employment_years,existing_debt,default_risk
25,37496.66,103314.55,754,6.14,5764.6,1
63,88941.05,111358.27,680,11.61,24253.02,1
69,88903.13,76536.4,659,3.25,95281.52,1
24,51100.01,57073.08,706,7.47,45668.82,0
43,41514.68,57407.59,770,5.15,11304.08,1
38,83655.66,100256.03,575,8.13,80787.71,1
70,88622.67,18490.79,732,5.88,70705.03,0
36,51851.96,56152.06,620,4.55,41589.6,1
68,51498.18,76896.76,724,9.05,1904.47,1
52,88087.78,50206.38,566,2.12,29743.78,1
44,49401.51,94499.99,728,4.43,9898.46,1
57,50423.77,87238.4,716,3.89,9216.18,1
48,57278.55,37578.43,668,1.14,8111.05,0
45,71675.08,84565.44,642,12.79,61659.79,1
61,39045.78,108507.08,746,1.08,27139.3,1
35,31234.36,91505.3,629,6.61,21892.71,1
55,64904.62,6910.47,790,9.77,8053.6,0
25,44896.35,111164.17,641,1.64,1228.57,0
43,68946.16,11762.14,844,2.44,22088.34,1
47,49666.66,53791.55,663,11.2,8358.85,0
38,48105.96,35185.59,698,16.42,6219.58,0
26,35128.76,6414.68,613,19.64,34071.44,1
32,71198.56,62776.74,671,3.32,3837.09,1
73,33689.05,107217.92,809,6.28,20975.81,1
22,49765.77,46091.61,711,14.55,55945.48,1
63,125859.01,100071.3,659,4.17,132085.81,1
36,79977.21,116675.52,674,4.96,22040.7,1
38,79999.24,16376.24,670,2.81,19178.28,0
22,32962.42,17464.81,633,4.36,26219.53,0
60,55852.66,111127.39,655,6.65,7097.58,1
62,185881.25,72333.02,602,4.5,175047.37,1
44,103015.44,99872.58,619,0.6,74914.78,0
62,47181.27,46153.72,770,5.22,25698.52,1
54,33545.56,90029.69,831,27.94,23928.73,1
31,38403.9,18976.89,741,7.58,7079.22,1
66,53788.87,8536.66,694,3.62,43937.84,1
66,61323.59,105250.58,613,7.0,17421.66,1
38,121541.34,51118.97,610,2.17,7578.62,0
58,90884.73,108513.07,580,3.88,70070.31,1
26,57149.75,65256.03,687,14.06,26409.32,0
34,50647.16,58389.52,702,16.08,22268.08,1
35,58244.45,82917.71,646,12.8,33612.43,1
46,131238.37,79005.31,745,4.47,45380.49,0
50,35233.88,83986.18,658,11.9,30683.73,1
49,58097.1,115147.87,630,14.36,55432.64,1
72,60763.95,71628.96,617,6.98,41739.77,1
58,61846.77,96310.88,812,8.39,6509.42,1
49,87637.37,93369.93,744,11.22,80191.58,1
64,56028.29,20598.17,707,10.78,25772.11,0
41,42846.76,112464.52,692,9.82,50728.76,1
67,76830.15,102362.97,657,0.75,63255.46,1
73,107936.44,99397.14,568,1.27,39106.76,0
61,31705.81,119650.09,679,3.88,4048.94,0
63,44441.6,78714.75,739,6.59,12843.34,1
67,86615.82,109455.31,719,4.58,5369.27,0
63,33409.23,30149.23,476,3.25,37196.32,1
67,108820.91,6737.85,609,13.18,111145.03,1
59,30753.48,24778.9,644,9.58,22568.52,1
24,74132.82,106329.19,519,10.33,16327.0,0
54,44603.72,94521.55,658,7.06,50635.45,1
44,96785.27,78609.51,769,7.32,46925.49,1
52,152457.51,17823.16,688,11.27,111779.57,0
74,41150.2,27680.17,498,2.16,20660.69,1
43,98488.69,69550.04,704,4.09,77108.73,1
34,96638.57,52907.35,675,24.42,85433.02,0
64,77757.45,61428.69,660,2.97,78135.26,1
23,80782.32,101355.2,706,4.51,16769.87,1
27,26261.71,3732.58,505,1.44,4840.96,1
57,18000.0,115094.64,850,7.58,14853.57,1
27,52376.04,77624.86,667,9.51,10291.97,1
43,124619.66,67604.39,599,13.05,67032.26,1
66,115239.81,91128.96,696,14.77,25019.94,0
72,29596.41,36463.0,629,11.75,2987.41,1
23,41282.61,77235.47,659,4.62,2878.64,1
61,80676.26,101648.51,722,6.9,48869.63,0
50,42655.55,102332.37,569,2.69,46955.45,1
42,89776.91,24609.16,661,3.33,33131.46,0
30,58070.26,34806.61,598,6.41,43229.2,1
75,70513.15,87042.12,576,4.48,9655.0,1
62,35260.67,67266.25,695,6.68,31733.9,1
21,33641.61,93726.49,630,9.63,39478.44,1
27,46171.02,12008.67,621,3.37,45575.4,1
24,76276.14,14895.31,694,1.56,79216.43,0
41,82554.92,7777.72,622,13.9,445.81,0
35,74014.13,49359.96,640,13.25,75741.43,1
58,188564.91,37275.35,510,4.42,200608.38,1
58,75813.25,86681.42,734,18.93,37112.88,1
25,78973.34,119714.44,566,1.08,86741.03,1
39,126823.22,9925.67,724,7.01,96569.33,1
28,51755.9,115186.69,673,2.66,55709.85,1
51,74379.09,64485.96,456,9.47,26721.43,1
38,87213.42,20342.1,850,7.5,82031.98,1
68,105163.99,81602.5,637,3.86,12858.72,0
47,49456.65,62502.38,654,10.48,6113.0,1
23,38807.26,55703.91,657,11.51,5197.09,1
34,96002.37,84386.39,597,8.22,47994.61,1
36,37579.53,2145.5,657,1.95,19450.88,0
27,37796.58,32721.13,770,0.49,30989.79,1
61,84566.44,7731.18,579,7.64,4807.5,1
39,67857.46,3092.65,741,9.6,50498.11,1
25,37824.78,102233.37,683,10.35,7386.88,1
52,40058.3,32003.09,649,2.38,47332.07,1
61,87970.67,96307.2,712,12.44,33531.14,1
65,69797.69,42884.48,682,3.62,59307.76,0
66,67160.87,72072.0,676,6.47,13938.08,1
38,33316.45,2472.9,668,16.67,5073.83,0
26,54649.14,75371.46,662,3.06,19329.74,1
69,26795.3,4142.94,759,11.16,8156.42,0
31,69917.57,81959.25,784,11.43,82509.75,1
51,66022.71,3471.45,625,6.7,7453.06,0
57,66825.96,19626.15,578,3.85,68882.83,0
42,35492.06,57436.5,516,5.72,22020.1,1
56,71551.32,69252.19,579,4.18,68525.91,1
61,113819.41,89744.84,646,17.6,98246.08,0
55,70577.28,73831.45,747,3.17,79220.0,1
42,90117.59,46510.31,698,5.66,74029.3,1
22,38487.6,13673.09,670,5.95,9333.46,1
73,49855.06,57273.16,671,6.82,57393.09,1
58,24800.87,31787.48,656,5.19,26833.8,0
48,36315.6,114453.9,582,6.87,24094.6,1
65,41156.35,65999.0,640,5.76,42074.95,1
67,40617.61,36931.88,544,7.35,37645.36,1
54,151317.29,107742.41,566,5.89,32592.3,1
72,76880.84,30940.56,758,11.81,31304.84,0
60,25684.44,21027.98,601,6.1,15955.02,1
34,55471.58,65315.03,655,5.92,63387.36,1
66,68825.46,67421.15,577,5.25,9824.42,0
73,89221.5,73759.25,777,6.87,20046.89,0
28,18000.0,57313.6,713,7.79,1082.3,1
66,48155.3,75479.63,674,7.44,53382.07,1
36,58922.32,119217.48,653,3.08,9123.3,1
56,57080.52,48365.43,727,2.42,31583.75,1
57,73109.66,114107.21,544,6.59,74221.59,1
53,31827.28,107313.55,649,3.85,36188.97,1
61,56989.35,68294.63,740,6.11,28674.83,1
61,43123.39,50162.49,728,5.61,34541.32,1
61,71003.13,40532.53,797,3.79,21018.09,0
57,61296.5,34468.0,646,8.54,66959.82,1
73,23188.71,114444.85,489,5.75,8918.13,1
50,65594.61,82880.47,716,3.7,48033.16,1
30,81213.0,40021.45,757,8.98,32561.01,1
72,47007.0,111017.19,593,7.59,43133.66,1
26,32215.66,30346.7,687,7.46,22652.56,1
47,115188.2,98294.61,771,3.35,46461.85,0
28,57825.77,93371.64,580,4.71,13364.05,1
67,108397.03,75120.89,625,13.78,17950.22,0
34,62923.69,80287.48,556,1.36,31977.47,1
35,60103.75,82967.22,690,5.33,52495.33,0
38,99562.88,52123.68,725,8.01,94082.61,0
38,41874.41,51166.59,746,14.18,24685.34,0
35,62040.64,13339.24,644,7.17,3931.42,1
28,42726.9,93405.62,659,4.56,8613.79,1
24,40038.9,65595.13,616,13.39,35448.72,1
68,60885.63,61493.08,675,16.01,16014.57,1
56,81678.57,12145.92,642,10.9,39059.34,0
62,67689.77,79117.7,734,6.07,79245.42,1
45,35095.15,79416.72,653,1.42,23201.07,1
31,134697.11,5136.18,644,2.09,42055.34,0
35,29141.17,68224.32,687,7.24,11006.61,1
62,41768.79,9797.35,674,1.64,32393.74,1
67,119288.53,58178.83,653,9.27,83850.96,1
69,39460.68,27262.89,585,1.74,8340.65,1
56,44205.5,44569.53,600,21.12,32384.15,1
68,55067.75,111700.66,449,1.64,40941.94,1
31,58688.77,98737.45,709,9.46,28259.7,1
67,46189.54,70069.59,723,3.64,27638.32,1
36,62250.85,48907.95,607,5.71,14432.86,1
74,106366.01,71541.08,818,3.69,80814.66,0
65,55425.55,40852.97,757,14.4,43814.12,1
72,45124.56,42796.24,671,16.18,39156.23,1
68,48960.99,91153.67,665,2.82,35098.83,1
32,119567.28,113571.35,643,7.27,662.71,1
72,70520.88,5130.83,776,0.58,39414.75,1
58,67016.95,41024.5,673,18.48,21740.98,1
44,22968.09,65305.58,746,1.31,5170.83,1
63,61332.6,46186.74,458,8.51,41538.8,0
61,104276.98,45658.16,645,2.02,104825.5,1
54,77223.35,105171.44,657,7.29,63952.68,1
55,59277.7,75008.34,694,10.58,15245.73,1
57,83609.55,42608.65,583,10.02,81165.1,0
34,80502.99,104826.27,656,2.92,3467.96,1
25,37624.9,115127.49,702,3.1,40769.85,1
38,33478.31,15865.52,736,17.67,21488.98,0
72,49778.93,48873.53,642,10.26,18556.84,1
49,36056.97,13125.75,780,10.53,42225.49,0
36,29074.82,16978.36,705,8.2,31363.18,0
45,18000.0,55855.66,661,1.05,1938.67,1
59,69659.92,54636.6,617,14.1,13167.68,1
36,78526.67,62859.17,723,1.58,4628.45,1
74,47990.34,25024.66,734,6.72,36049.74,1
48,163305.72,103968.15,782,13.29,44274.59,0
65,92689.69,46640.56,656,4.78,35674.5,0
30,86767.91,28980.18,730,9.25,19564.8,1
58,28682.47,63306.85,667,3.98,16737.28,1
71,70422.37,71968.88,797,5.03,82933.93,1
44,52158.66,58116.22,647,7.96,48930.48,1
46,168520.91,76465.72,826,7.2,194254.78,1
56,73634.41,97830.51,678,1.81,19041.43,0
40,99336.64,75965.35,482,4.85,13198.77,0
28,50221.33,25324.7,713,8.24,45834.76,0
66,88887.46,58451.78,702,6.37,13575.91,0
30,36965.28,10251.93,581,7.03,36155.29,1
45,45203.44,44575.65,703,4.78,13068.88,0
66,147101.98,34190.91,680,8.16,65184.92,1
50,43403.94,60755.96,648,4.86,24007.49,1
62,55454.89,58309.67,727,8.2,36744.15,0
75,38880.87,95574.59,531,2.59,41520.05,1
26,66611.33,33634.04,790,4.68,44523.15,1
32,29579.11,8837.55,625,4.23,24183.75,1
30,84727.03,97814.61,662,4.14,68904.29,1
44,44996.23,115813.23,688,9.16,13662.73,1
33,69820.22,46641.53,551,1.86,47854.84,0
69,102265.73,63231.93,721,3.18,91680.3,1
23,91513.76,25068.51,636,1.62,70529.92,0
28,73397.29,49595.82,695,14.88,66460.35,1
75,105772.19,25666.37,648,13.21,101041.27,0
50,68165.82,34347.86,671,5.93,32887.1,1
65,26912.77,49105.05,610,8.32,25284.18,1
42,99650.42,102108.93,810,7.28,36567.75,0
71,63938.2,17138.6,699,11.33,33853.18,0
31,30884.14,98819.7,469,8.7,18637.03,1
50,101345.64,48622.02,615,3.77,89572.1,1
34,29577.53,95837.41,525,9.28,34931.73,1
49,57171.0,57924.06,776,3.2,60066.53,1
49,57515.27,117637.47,686,7.65,23249.28,1
64,70547.13,99892.26,651,1.43,47705.94,1
47,79865.25,104081.83,696,5.04,4876.32,0
24,55833.96,104259.84,629,1.88,52211.67,1
64,65619.94,115104.8,633,6.2,41861.29,1
33,48822.8,77571.83,762,4.95,20480.01,1
28,37960.15,108541.34,625,3.7,9646.68,1
28,31921.7,10413.94,838,11.61,31688.85,1
25,60893.73,106096.66,672,4.77,32692.09,1
63,32346.13,22026.26,605,6.07,9562.25,0
58,80987.7,103056.34,625,6.99,21052.5,1
39,45318.66,36812.27,626,11.42,33818.34,1
29,61801.85,83837.78,608,3.39,33138.56,1
55,34630.04,28239.42,596,26.81,34481.12,1
23,33426.24,60904.92,770,6.91,21205.24,1
62,115619.5,10478.34,683,8.92,133498.89,1
53,94559.24,13232.13,674,6.8,83227.24,1
30,51674.13,20205.41,627,3.97,20229.7,0
37,62414.9,29220.14,715,5.6,63642.99,0
43,24631.34,35853.3,674,6.33,29366.15,0
27,53243.3,103476.52,740,12.25,53211.59,1
49,88189.08,118303.29,600,4.72,28481.24,1
56,77683.47,61649.33,693,4.61,31093.58,1
51,60170.86,24268.04,547,1.76,54828.25,1
30,80629.53,22886.17,694,4.46,5315.26,0
22,55498.25,102157.47,708,1.6,29492.98,1
45,68216.96,3299.97,657,8.87,12282.29,1
65,46499.05,87528.39,573,2.27,16754.83,1
63,28803.78,7423.66,795,3.93,15180.0,0
40,37100.96,93644.52,542,8.13,21148.55,1
59,53109.65,28383.66,543,7.67,52541.3,0
34,96963.22,111689.6,663,8.54,1402.3,0
60,72835.32,116543.8,718,8.18,53650.05,1
74,45377.78,69477.35,648,1.48,39739.0,1
49,58407.76,38841.28,625,2.38,12252.13,1
46,49930.31,113223.07,784,1.69,22660.4,1
64,41742.35,111347.12,683,4.18,33770.99,1
34,40455.29,58086.06,679,6.67,41055.62,1
38,90095.75,114451.07,650,3.52,52896.86,1
67,53838.36,83129.0,716,6.64,28496.26,1
50,52155.57,5781.14,819,1.71,6801.11,1
49,121635.88,55872.58,689,3.6,77424.82,0
28,65465.04,42690.09,606,1.67,74033.44,1
22,92441.08,92133.6,708,6.94,103071.35,0
61,44371.61,66544.56,696,5.22,44867.93,1
23,33892.74,117409.4,730,5.56,10810.81,1
23,77795.02,111752.45,676,2.95,47101.33,0
25,30874.46,34979.51,453,6.48,36179.69,1
59,50080.59,48236.85,737,3.91,40554.02,1
37,90688.68,43165.56,837,3.02,92787.88,1
35,62693.65,42432.73,740,1.93,17940.4,0
32,61340.98,97219.42,633,0.97,52526.52,0
47,67696.39,63261.73,648,4.92,1147.43,0
39,54819.33,6668.1,555,0.78,2158.35,1
36,58952.44,47449.79,491,2.62,1783.07,1
31,64299.15,118915.55,741,5.22,24272.79,1
24,79477.7,107669.54,744,6.0,29418.79,0
63,26538.06,119323.76,696,1.1,1088.47,1
61,112464.94,103109.53,607,6.51,5730.04,1
64,65470.86,48342.73,652,5.86,70216.95,1
62,61077.43,51293.71,680,5.49,25793.97,1
39,72404.96,99221.66,683,21.69,84070.24,0
30,66971.35,22057.47,702,12.51,74707.8,1
28,71496.73,87082.79,615,2.56,5793.58,1
37,83214.06,16003.93,583,6.57,32280.32,0
35,81216.05,54233.41,630,8.33,47012.01,0
71,212286.52,111696.6,612,3.44,115258.9,1
25,34631.82,108008.3,679,7.81,1610.44,1
26,66535.71,13094.5,589,1.07,10896.2,1
39,147992.48,65386.37,736,2.58,45205.66,0
31,55207.93,75980.38,656,2.88,51135.39,1
31,78602.3,116011.91,649,3.93,5538.51,1
75,93042.66,56088.4,826,2.75,83908.06,1
59,44704.6,104584.7,682,3.0,45193.94,1
23,64081.74,27519.78,850,6.82,14464.85,1
23,122060.64,26114.43,586,5.44,29264.52,1
31,41660.26,74041.6,755,7.87,36418.49,1
74,58418.21,88080.42,586,5.26,34072.67,1
26,69521.96,52875.81,767,8.18,6569.27,1
38,54844.6,43550.22,742,8.48,32662.51,0
67,36654.77,49586.28,752,6.14,9191.24,1
22,46819.64,60763.8,779,5.65,7785.95,1
26,81950.42,45609.45,757,1.3,6799.08,0
58,49415.91,87401.94,753,24.15,5273.39,1
69,40114.4,29695.01,638,7.25,23534.23,1
24,107040.56,19715.29,745,6.82,113848.53,0
71,52589.49,51391.83,850,4.56,20629.7,1
58,60190.66,45075.58,718,0.54,9663.23,0
74,29773.43,19770.87,672,3.82,35270.31,1
67,96016.41,10479.74,800,4.86,1259.9,0
31,55305.92,24359.97,802,9.27,52580.73,0
75,65440.74,97081.18,489,6.24,25897.68,1
50,38211.41,51195.68,715,23.71,10853.66,0
58,40237.72,111912.51,581,4.68,4680.51,1
72,75131.87,83637.95,678,5.25,64765.22,1
60,47445.81,84278.29,622,1.26,24887.88,1
41,82263.8,25883.82,701,2.69,4844.42,0
75,44806.4,71052.58,637,10.65,42489.54,1
73,40551.46,13940.82,699,4.27,33043.84,1
50,121668.44,28165.08,552,11.49,86340.2,1
60,21011.08,87351.8,651,14.66,3605.69,1
45,154522.98,113408.95,673,16.88,62731.18,0
68,53681.38,96719.19,591,6.81,59476.99,1
42,77422.16,67165.87,737,9.67,3147.47,0
63,86560.33,34709.38,640,8.12,55303.25,0
73,93729.89,51532.31,518,0.85,94101.89,1
22,43641.35,27385.48,637,12.96,32791.72,0
33,49268.75,109785.17,724,2.64,36664.62,1
49,52784.3,115054.92,600,6.54,785.25,1
58,62830.59,53564.74,792,5.59,13038.15,1
72,97811.45,60915.07,664,0.56,81313.19,1
37,66970.74,56718.93,716,12.22,60011.01,1
58,52145.48,6867.86,820,6.53,988.88,0
54,60170.79,99559.43,722,1.11,62021.61,1
28,54382.16,100671.57,835,8.89,29056.82,1
71,46915.69,55228.64,721,6.66,36738.77,1
66,40562.36,12470.67,727,8.61,20015.24,0
37,85337.33,90908.34,633,4.42,23814.47,1
23,57027.85,98672.61,497,7.35,33823.89,1
40,114205.28,99121.98,705,5.79,31292.64,0
70,65552.41,68124.12,521,7.75,6484.02,1
52,65010.99,76357.93,707,2.88,16326.39,0
41,92558.81,91678.23,703,7.71,97921.72,1
31,68819.04,80420.41,604,19.93,67215.48,1
24,104511.01,48542.26,512,11.02,105434.4,1
45,65651.65,31025.76,598,2.44,5523.75,0
42,86740.35,54778.53,641,0.92,52146.55,1
46,42317.1,89986.46,616,3.24,7794.41,1
57,110071.24,30176.67,605,5.43,125302.44,1
36,60017.73,118459.46,777,4.36,62711.33,1
58,57551.88,97851.04,593,13.87,15880.73,1
50,68257.48,116695.33,585,0.87,18543.99,1
49,67553.37,67665.36,659,7.65,33263.93,1
75,31477.65,94595.65,685,4.12,102.26,1
31,114255.24,34101.33,716,4.67,96892.45,0
51,26956.06,101640.22,779,4.74,25320.2,1
63,27162.31,5886.45,784,0.85,2633.18,0
31,50788.61,104622.75,756,7.89,39784.99,1
54,36300.26,10549.69,775,6.51,36639.45,0
26,68597.83,96342.49,670,9.02,29200.07,1
51,63052.33,17956.12,763,2.22,26588.73,1
49,64915.45,83048.25,643,2.65,65112.51,1
46,33327.21,101898.59,635,5.5,27174.42,1
61,180992.27,60110.62,602,8.7,53160.7,1
52,95867.62,21558.85,660,9.27,3254.78,0
61,63022.3,72413.71,573,8.65,51361.56,1
69,28922.3,89210.81,750,3.66,25556.47,1
73,86818.16,56610.27,757,8.31,67700.19,1
49,76892.25,94859.05,714,2.39,19324.0,1
41,96731.07,9576.64,683,5.64,50066.25,0
43,57020.07,112866.29,631,11.43,31331.21,1
38,53322.6,39491.24,620,4.6,26262.97,1
37,62875.76,75332.09,512,6.82,8939.82,1
72,50818.07,49354.15,629,5.63,5705.84,1
37,87503.01,28175.15,700,8.85,13320.63,1
39,137168.83,74883.91,533,23.3,160405.38,1
68,74754.93,47306.31,722,6.6,34009.76,0
55,98049.61,8796.92,737,3.29,17552.94,0
29,92892.0,20288.25,796,13.29,79017.14,0
58,58252.49,21003.39,646,2.69,47813.65,1
47,36726.98,72126.74,718,14.5,29388.93,1
41,44139.92,12134.57,513,6.09,11784.42,0
75,71566.6,51356.72,750,9.28,75170.22,1
30,75371.25,19457.74,641,4.34,14202.25,1
38,44927.16,96076.94,618,1.96,13863.65,1
34,86150.11,35448.93,555,10.92,67281.06,1
35,60416.46,98704.3,721,3.84,63444.52,1
72,70320.19,13742.14,808,16.96,5122.73,0
72,33764.71,95322.09,617,10.15,22811.87,1
29,52039.7,26790.28,748,11.95,37099.9,1
36,113519.75,93381.3,611,15.39,102281.71,1
62,56418.62,91924.62,811,7.52,64191.82,1
53,52441.0,89595.25,494,2.38,8891.22,1
38,144051.27,73085.2,672,6.94,43888.0,1
29,44058.49,74898.74,672,10.96,20075.83,0
75,63171.33,54791.32,608,5.1,18850.93,0
47,54828.75,94374.9,562,3.96,14183.37,1
26,111599.76,54144.33,813,5.36,59732.44,1
56,170921.75,54918.07,646,12.44,148406.43,0
31,53134.83,41823.79,507,11.17,14152.07,1
34,49537.3,91792.45,758,3.58,32505.19,0
57,23857.94,115820.58,802,7.41,11173.42,1
29,83373.02,25059.51,603,6.79,67634.09,1
30,70312.71,24029.67,716,6.19,60004.54,0
21,56751.49,20820.18,633,6.46,11044.74,1
45,89325.51,55593.12,759,2.58,13814.45,0
61,49081.56,108330.43,617,4.4,44822.55,1
72,64649.05,93675.03,675,6.72,77269.77,1
35,65741.64,88739.49,740,12.57,65.05,0
66,33980.33,16606.91,635,2.17,2320.72,0
46,35497.59,115795.31,688,10.59,29419.57,1
38,42071.93,11043.36,578,13.0,35883.73,0
47,47334.4,104306.66,764,5.32,53223.66,1
58,33453.87,22505.67,694,12.21,34687.96,1
52,44354.17,5168.98,604,1.88,20654.15,1
36,76553.9,20207.84,722,5.43,84210.54,1
49,44295.72,2426.72,621,3.71,18694.69,0
72,76255.53,71645.17,658,29.48,25675.72,0
66,87205.85,91671.31,826,6.64,70864.45,1
36,56369.74,59054.37,608,25.24,6759.76,1
21,76573.03,35614.03,732,3.35,51729.6,0
28,39617.69,15550.49,765,8.92,41808.87,1
27,88290.64,33968.61,728,7.31,10746.92,0
74,77204.48,7071.06,558,2.46,44199.52,1
24,41364.33,92082.53,574,5.14,29522.34,1
33,94953.31,85086.03,626,11.85,36898.13,1
55,74299.59,34524.94,761,3.64,56034.67,1
57,37747.31,53138.12,714,1.75,22266.34,1
21,62219.09,60643.59,518,6.71,23830.46,1
74,78985.01,9302.49,636,14.35,88468.43,0
50,98105.37,36443.54,752,2.08,10072.4,0
51,67252.59,53216.2,703,2.8,68345.38,1
26,58680.94,28318.26,757,4.21,17088.41,1
67,40358.04,63910.77,684,2.21,16472.81,1
41,18000.0,61353.44,648,2.87,16715.15,1
29,50527.0,15699.72,578,10.54,21604.39,1
72,84615.41,80701.54,785,3.08,60560.85,1
47,49873.24,83897.31,656,6.82,53426.57,1
68,73057.34,61855.34,637,6.24,39882.75,0
68,92892.25,104220.54,718,7.83,76385.01,1
72,80131.66,33684.61,686,11.34,2725.48,0
72,99795.03,10824.22,538,4.41,8242.36,0
45,77914.04,105602.92,617,4.6,47307.11,1
49,50067.76,17809.31,651,4.65,13943.7,0
24,84444.64,102333.47,741,1.48,40798.22,1
64,76319.75,12190.44,680,7.51,51518.41,0
70,45267.39,68309.03,588,6.31,32388.24,1
75,39428.89,6770.97,566,5.72,32130.17,1
35,29991.75,83641.8,625,5.57,35661.35,1
39,38783.27,108471.78,694,7.04,36745.98,1
42,59246.36,95576.45,543,3.76,68732.7,1
36,37376.92,67175.26,726,2.65,37080.07,1
30,86787.86,54173.53,764,1.4,72899.83,0
72,50766.46,90043.76,716,5.44,37162.54,1
52,36401.82,91479.35,684,10.43,24921.09,1
65,56845.89,86744.74,591,26.87,46479.89,1
49,85530.5,118576.79,794,4.32,62549.76,1
73,44662.15,92314.43,650,17.78,20416.34,1
75,98489.26,20116.34,639,10.64,1949.05,0
44,82197.95,85204.86,736,13.98,15234.04,1
39,84752.89,106534.87,554,1.75,48825.81,0
69,110537.07,102531.87,795,10.38,68872.48,1
23,33219.99,111249.38,493,4.74,20088.78,1
64,89340.11,116855.14,786,10.0,89754.81,1
30,53811.0,38232.13,593,4.52,52956.78,1
62,94048.35,10698.02,655,8.41,81537.42,0
70,64388.23,59137.19,659,7.64,25348.7,0
65,31977.06,7238.88,766,7.19,11006.59,1
21,80464.26,112395.0,678,4.42,19210.68,1
48,71191.27,40646.43,544,5.15,59333.61,1
40,74017.93,115785.35,754,4.34,74211.54,1
29,70150.72,106449.22,709,4.58,8955.89,0
49,77327.11,71504.46,574,11.0,74655.86,1
53,54437.25,5564.77,724,2.85,49377.49,1
34,111477.22,103383.06,735,2.0,27175.86,1
42,85240.29,20706.54,668,3.46,92913.17,0
34,32797.43,51537.65,849,5.93,22662.56,1
58,37773.33,36958.06,607,3.64,14597.16,1
37,50540.61,89067.15,638,3.57,11187.97,1
36,177728.52,114369.74,798,5.89,128022.82,1
64,58834.9,51983.07,609,3.54,30360.68,0
50,26010.94,69738.55,776,3.19,10340.18,1
65,40233.64,104376.55,669,18.65,41143.52,1
45,79527.65,96612.61,776,3.33,49142.34,0
29,109247.45,96323.84,560,1.34,99229.83,0
44,52928.84,69676.05,795,4.14,16197.34,1
73,87899.97,26920.86,727,7.15,9507.65,0
64,59990.32,105414.58,709,4.02,36824.3,1
29,36488.25,42570.28,686,7.85,7228.12,0
62,32452.81,12430.05,585,8.5,19960.54,1
33,63675.07,112904.91,585,6.77,60549.27,1
57,109927.52,11234.56,667,0.82,110294.56,0
44,55573.25,111487.27,570,5.4,46557.8,1
33,75740.03,4748.35,659,8.42,58978.32,0
56,56039.77,3838.52,608,2.76,1354.67,1
43,67940.29,76291.08,734,10.37,11214.74,0
33,79584.07,48050.52,695,3.09,80310.94,1
24,61817.86,65524.69,633,14.62,20083.96,1
65,27756.35,58157.67,850,4.23,9669.51,1
72,107441.96,6713.15,621,4.9,82866.8,0
24,56096.68,88413.66,708,1.01,28543.14,1
54,78092.11,48133.35,774,10.31,41001.76,0
44,32703.77,5329.9,721,11.36,12720.1,0
25,57987.04,75173.29,706,0.92,7760.15,1
52,51625.64,2227.71,826,3.81,44448.29,0
75,82866.88,56707.84,660,1.18,92373.04,1
49,42747.36,62871.41,700,10.67,15956.59,1
28,57268.82,24693.06,697,4.44,36446.68,1
48,43070.62,105985.52,690,14.74,24525.97,1
57,58180.79,48717.7,647,4.62,46111.38,1
47,38740.06,42828.1,659,2.99,24946.2,0
32,56267.86,109372.59,660,1.63,2432.45,1
24,20944.27,78593.99,850,9.95,4666.16,1
35,32558.27,22982.11,682,0.9,34215.33,1
27,34662.0,113435.57,574,15.39,41140.1,1
44,126614.84,48724.14,722,5.67,41607.92,0
39,71738.8,52986.67,702,1.78,44927.47,1
25,69263.51,25872.42,610,5.83,54176.44,1
53,34648.99,29638.63,476,2.29,19407.02,0
45,134041.45,117595.36,702,8.67,38236.3,1
57,180023.56,42080.17,585,2.33,184027.55,1
26,48335.08,23728.43,484,4.66,35510.24,1
75,69243.7,7074.38,581,8.8,37621.91,1
30,31577.72,28160.26,610,2.29,30180.72,0
44,65768.24,58643.66,714,5.88,50539.6,1
56,41067.8,38972.4,780,5.4,21801.56,0
59,43167.9,58706.07,669,4.09,18996.86,1
28,42534.02,80946.42,621,2.84,43367.2,1
38,53757.48,96409.21,590,2.32,37811.09,1
73,66087.26,35195.19,819,3.28,31155.48,0
54,84868.06,5430.45,653,4.26,15911.87,0
44,36105.94,34355.88,776,2.64,40000.63,1
22,78499.93,23019.83,760,4.65,17564.07,1
54,89576.5,71747.16,850,13.74,31714.4,0
45,101197.54,109074.99,696,8.91,111154.55,1
51,118057.12,99673.4,647,5.62,37949.55,0
40,40161.92,59058.9,620,8.63,18566.71,0
68,48642.89,63214.93,725,3.12,42677.68,1
23,55370.76,62097.44,662,5.47,47127.65,1
44,55582.82,64418.84,659,5.85,17022.28,1
26,77454.28,51050.03,748,9.06,587.85,0
58,96623.67,55209.12,621,6.38,99716.38,1
30,22095.38,4289.93,661,4.97,25507.29,1
56,18481.25,36817.09,641,3.76,21863.76,1
58,95014.55,17031.56,605,1.1,91993.22,1
70,61557.36,10214.1,574,8.18,40802.08,0
70,54238.82,15862.6,689,2.98,13346.04,0
36,20163.38,74502.44,799,5.72,1491.06,1
61,41610.85,44089.75,770,10.62,9263.78,0
32,83257.03,117155.56,705,9.25,33415.66,1
66,38570.35,73178.15,609,7.16,45182.89,1
33,111557.17,93213.65,589,6.95,116218.68,1
55,50449.03,99718.49,518,6.0,15942.44,1
57,50103.04,25101.05,706,2.82,11228.38,0
21,96142.85,5596.75,561,1.73,110660.86,0
67,68656.27,98399.87,587,5.22,67187.25,1
22,42796.53,103772.45,631,7.45,43998.43,1
62,102953.06,2867.08,554,21.87,110770.11,1
70,43156.65,119324.88,760,9.69,3880.04,1
71,40969.79,49549.6,535,0.71,33827.7,1
34,155443.31,43335.15,653,5.64,64215.08,0
60,60802.12,63401.91,722,5.07,223.35,0
45,74223.4,102728.83,642,15.23,55092.19,1
72,43905.49,67013.8,708,18.0,48490.75,1
56,38853.43,57938.63,779,8.43,1163.17,1
72,79885.79,17036.35,602,2.31,73434.22,0
61,75009.19,23582.58,799,4.57,80333.17,1
49,41951.08,39038.63,527,11.54,27277.37,1
70,48530.36,58089.35,617,3.86,16539.49,1
74,55113.46,21544.7,582,7.38,12912.53,0
33,53756.81,39772.36,593,13.58,59042.86,1
22,49778.91,86976.57,614,3.25,30998.15,1
23,40555.87,23280.37,681,7.66,38836.68,0
40,55012.39,34229.72,768,3.13,24795.58,0
62,153468.57,8169.28,472,7.05,142768.73,1
29,66881.41,2263.75,670,8.51,49245.63,1
40,62634.05,24036.05,684,2.58,23159.09,0
53,77325.9,45896.44,831,2.0,21925.61,1
40,64101.01,39133.17,677,4.64,35234.42,1
37,48138.61,67456.9,705,2.68,37744.8,1
39,35719.2,19579.38,550,2.36,18041.56,1
50,48945.37,116383.76,704,7.11,38678.25,0
70,73257.75,34876.75,663,9.19,57542.79,1
33,132877.0,99762.64,487,1.4,126033.29,1
42,68915.95,93548.03,616,9.11,43410.61,1
68,28766.05,14650.88,690,12.66,17049.4,0
25,61678.61,55692.57,588,1.85,29418.78,1
63,120113.24,91244.24,782,3.69,126468.73,1
53,56341.17,52883.37,611,4.95,5731.57,1
27,70627.44,102366.31,773,9.36,57749.76,1
75,64653.23,39420.24,658,1.44,6986.82,0
51,70975.01,45200.47,747,4.04,42028.98,1
49,22669.77,31765.59,588,6.03,18587.67,1
36,112438.83,31544.44,609,4.65,3303.47,0
56,45259.77,34360.15,626,6.52,41006.78,1
75,45358.79,69953.52,720,5.55,19823.32,0
67,42719.1,11330.16,750,3.25,40528.54,0
31,84218.84,81297.86,693,5.43,65059.9,0
67,128308.76,88118.63,711,4.39,66917.18,1
33,38699.5,48890.39,558,3.86,30264.5,1
62,97589.41,27700.2,742,3.19,35559.06,0
38,39628.86,40129.13,652,4.93,21237.74,1
36,86172.2,77353.76,650,1.07,87839.99,1
32,69096.66,33272.51,681,11.03,22492.96,0
73,114024.05,83390.73,699,16.64,126.72,0
23,39673.96,34206.9,580,8.93,14758.83,1
32,77197.28,16896.49,446,12.39,9946.02,1
67,44139.35,82963.26,705,16.53,30681.49,1
56,34008.21,105237.87,648,8.68,1424.91,1
65,75022.53,18789.39,413,6.37,78740.83,1
72,57172.96,88983.91,701,7.59,49987.03,1
23,19985.22,87787.86,739,4.27,9597.99,1
34,73896.94,117345.71,802,1.11,11872.79,1
49,120048.78,52491.52,650,9.31,129822.87,1
24,140183.36,71663.57,678,5.38,91354.7,1
31,37195.97,10278.89,578,4.01,27012.17,1
29,46729.57,42504.88,435,2.41,38232.25,1
38,58755.32,77324.12,746,17.03,20159.53,1
33,37608.98,74821.17,541,2.67,23910.31,1
23,18000.0,111046.71,634,3.47,1408.66,1
38,58745.09,110791.79,670,3.01,46442.7,1
48,93559.46,85710.72,636,6.22,50138.27,1
64,39135.29,11666.55,644,8.26,46851.91,0
25,107683.17,116099.76,832,2.95,17681.38,0
45,64098.91,34359.12,787,7.32,14424.67,0
48,123791.16,91444.21,622,3.42,68723.46,0
74,54844.0,72174.92,769,6.89,44816.32,1
61,70435.35,52507.33,667,11.29,45690.44,1
40,67559.34,80458.63,723,7.51,14505.65,1
60,72540.57,109258.81,769,2.7,64428.76,1
58,68140.11,3268.94,441,2.65,34749.96,1
66,99535.24,48591.23,585,7.04,16316.34,0
22,21844.03,97059.16,674,2.97,12137.77,1
32,53007.93,34887.8,666,5.28,49309.54,1
71,37316.89,30067.96,748,6.69,10950.41,0
27,45525.01,63279.04,747,2.45,21169.16,1
53,123360.04,73114.4,706,2.45,16143.53,0
29,65512.9,119966.35,831,4.32,21125.17,1
32,33266.56,61752.14,677,4.29,11516.59,1
47,61733.78,85799.7,562,5.65,50559.17,1
64,83272.54,47712.37,772,2.71,74828.07,1
27,48954.24,50135.1,677,8.13,27867.62,1
67,145748.66,86566.51,626,5.33,137743.43,1
32,58812.34,20140.76,474,17.39,13258.23,0
42,44243.24,118090.82,625,9.32,41575.64,1
23,106695.08,28881.72,563,2.89,109939.43,1
25,102763.88,20732.33,690,2.41,29060.55,1
40,88493.07,39553.57,728,3.09,7518.42,1
58,27094.88,50613.02,777,1.48,29717.81,1
69,29196.94,38667.35,731,7.95,22181.7,1
32,157796.35,2811.61,574,6.37,112761.22,1
71,49023.78,57595.6,724,8.03,38999.07,1
56,52824.75,53871.31,645,6.58,25535.86,1
30,77012.0,26115.15,581,2.83,46812.03,1
47,68780.72,110497.85,498,5.89,52411.56,1
54,104638.67,40008.51,593,3.75,106937.6,1
63,36690.07,25384.21,683,1.08,33593.0,1
49,51438.16,39315.46,690,11.58,9821.67,0
65,81440.9,67910.56,822,8.1,53679.64,1
33,28226.69,8547.35,593,7.26,4908.54,0
36,140115.28,44183.6,705,5.5,57780.05,0
49,57823.61,118149.05,770,19.04,24285.86,1
67,44422.12,51170.72,696,3.83,41788.41,1
30,36346.14,36275.5,703,4.9,15891.57,0
22,45293.13,77928.54,722,11.6,16009.64,1
51,27717.17,99405.32,552,7.5,16962.54,1
40,29668.31,90897.5,627,3.26,21413.43,1
30,85076.53,61725.48,599,4.61,56589.31,1
53,29266.76,27230.54,711,2.88,6152.53,1
23,31723.35,105191.66,674,7.17,8656.32,1
60,89101.86,39638.41,767,4.11,95792.0,1
55,56707.07,34662.79,745,0.88,14789.1,1
40,94490.41,71564.61,735,3.0,106531.32,1
21,41318.49,78563.94,521,0.62,6155.63,1
56,59793.38,100790.81,710,6.23,13784.59,1
60,59395.17,64341.1,641,5.9,48031.05,1
27,54273.69,64596.06,705,0.63,44392.25,1
68,48282.56,105881.88,837,4.54,43646.06,1
75,87687.38,22087.18,591,3.37,5481.03,0
35,107702.63,10635.32,612,1.54,117738.68,1
52,59842.63,6468.2,653,11.27,40276.12,1
45,40336.41,58700.62,763,5.06,9340.68,1
74,53261.32,49901.44,659,4.69,11769.06,1
65,77922.41,68649.75,658,3.17,24433.18,1
68,57681.76,25771.87,800,7.81,4301.16,1
56,39282.37,90703.71,676,1.66,20111.08,1
75,46092.55,20274.0,659,0.15,18135.44,0
56,62988.73,59867.01,610,5.61,64982.45,1
75,110132.03,86922.71,600,3.34,39999.51,0
62,58456.7,25567.37,812,6.36,21544.66,0
61,94593.63,103794.37,736,5.23,112535.93,1
39,54998.6,12921.95,793,1.07,22138.87,1
40,230569.5,23704.27,694,8.53,95998.08,0
55,37415.34,48734.96,718,7.05,14733.12,1
64,35337.81,6856.08,656,6.7,39065.12,1
55,28480.36,92369.2,550,2.42,12228.67,1
